EXBZUS	EXCAUS	EXCHUS	EXDNUS	EXHKUS	EXINUS	EXJPUS	EXKOUS	EXMAUS	EXMXUS	EXNOUS	EXSDUS	EXSFUS	EXSIUS	EXSLUS	EXSZUS	EXTAUS	EXTHUS	EXALUS	EXEUUS	EXNZUS	EXUKUS
1.9023	1.0267	7.521	5.3563	7.7824	40.1735	115.0435	928.595	3.4691	11.0319	5.6256	6.6713	7.1007	1.511	113.3415	1.1852	33.01	32.0565	1.1819	0.7189	1.3912	0.4954
1.7987	0.9754	7.5019	5.2363	7.7545	39.3661	115.8661	914.9435	3.3735	10.8214	5.4023	6.4439	6.7574	1.465	112.8583	1.1741	32.5473	31.5248	1.1116	0.7026	1.3153	0.4890
1.7669	0.9672	7.421	5.0766	7.7774	39.3267	111.0729	918.8095	3.3588	10.8811	5.4156	6.3242	6.7049	1.4466	110.4181	1.1233	32.3275	31.3476	1.1159	0.6811	1.3104	0.4831
1.7852	1.0021	7.3682	5.1235	7.7983	39.375	112.449	931.095	3.3324	10.8463	5.5	6.4764	6.8376	1.4487	108.891	1.1402	32.4115	30.158	1.1469	0.6869	1.3004	0.4960
1.771	1.0099	7.2405	5.0575	7.8044	39.2676	107.8181	942.0571	3.2653	10.9057	5.3993	6.3978	6.9962	1.4299	108.1557	1.1006	32.3586	30.3048	1.1334	0.6790	1.2920	0.5076
1.729	0.9986	7.1644	5.0507	7.7963	39.6735	107.03	944.005	3.2216	10.7679	5.3851	6.345	7.6578	1.4106	107.827	1.089	31.6125	31.174	1.0949	0.6776	1.2549	0.5090
1.709	1.0029	7.0722	4.8043	7.7813	40.1452	100.7562	981.7348	3.1841	10.7328	5.1495	6.0613	7.9921	1.3843	107.6838	1.0126	30.5771	31.4043	1.0845	0.6443	1.2494	0.4996
1.6863	1.0137	6.9997	4.7354	7.791	39.9668	102.6777	986.8636	3.1604	10.5146	5.0541	5.947	7.7585	1.3643	107.7791	1.0138	30.3555	31.5582	1.0742	0.6348	1.2663	0.5046
1.6585	0.9993	6.9725	4.7963	7.7988	42.0019	104.3595	1034.1333	3.2127	10.4381	5.0571	5.9887	7.6076	1.3659	107.7705	1.0448	30.589	32.0262	1.0535	0.6429	1.2858	0.5089
1.6179	1.0166	6.8993	4.7926	7.8073	42.7633	106.9152	1031.4857	3.2568	10.3269	5.1351	6.0249	7.9367	1.3679	107.7633	1.0371	30.3705	33.1752	1.0514	0.6426	1.3130	0.5085
1.59	1.013	6.8355	4.7335	7.8001	42.7027	106.8518	1015.0545	3.2476	10.2094	5.1058	6.0015	7.6114	1.3591	107.6086	1.0283	30.4141	33.4705	1.0395	0.6346	1.3252	0.5028
1.6127	1.0535	6.8462	4.9894	7.8076	42.9057	109.3624	1046.1143	3.33	10.1154	5.3331	6.2845	7.6651	1.4052	107.7181	1.0841	31.2205	33.8195	1.1344	0.6687	1.4102	0.5301
1.8031	1.0582	6.8307	5.202	7.7854	45.53	106.5748	1134.8667	3.4405	10.6633	5.6958	6.6816	8.0753	1.4297	107.8233	1.1102	31.9924	34.2381	1.2243	0.6973	1.4839	0.5564
2.181	1.1847	6.8358	5.6253	7.7588	48.6155	99.9659	1329.1877	3.5222	12.6593	6.4973	7.4435	9.78	1.4784	108.1661	1.1429	32.7025	34.4209	1.4556	0.7538	1.6455	0.5930
2.2704	1.2171	6.8281	5.8448	7.7507	48.8517	96.9656	1398.7044	3.5843	13.1186	6.929	7.9612	10.1112	1.5076	109.9594	1.191	33.1028	35.035	1.5172	0.7847	1.7655	0.6524
2.3954	1.2337	6.8539	5.5239	7.7504	48.5132	91.275	1361.5727	3.5483	13.4167	7.0159	8.0124	9.9227	1.4769	111.4464	1.1404	33.1555	35.0086	1.4883	0.7401	1.7867	0.6732
2.3079	1.2248	6.836	5.6284	7.7563	48.6995	90.1205	1354.3975	3.5705	13.8839	6.9566	8.1044	9.9076	1.4913	113.7685	1.1267	33.3695	34.871	1.4806	0.7551	1.8149	0.6915
2.323	1.2452	6.8363	5.8226	7.7534	49.2484	92.9158	1439.5842	3.6345	14.6066	6.871	8.5455	9.9773	1.5178	114.1026	1.1639	34.2389	35.3089	1.5375	0.7814	1.9380	0.6934
2.3161	1.2645	6.836	5.7137	7.753	51.1291	97.855	1449.6159	3.6726	14.6466	6.7855	8.5727	9.9536	1.5296	114.2836	1.1555	34.3041	35.7368	1.5002	0.7663	1.8741	0.7057
2.2027	1.2242	6.8306	5.6437	7.7501	49.9655	98.92	1332.125	3.6053	13.4035	6.6557	8.2297	8.9644	1.5028	117.3068	1.1481	33.6009	35.4036	1.3970	0.7576	1.7455	0.6797
2.0689	1.1528	6.8235	5.4585	7.751	48.51	96.6445	1254.345	3.5218	13.1895	6.4504	7.7602	8.3741	1.4611	116.672	1.1076	32.8695	34.624	1.3075	0.7328	1.6628	0.6486
1.9586	1.1264	6.8334	5.3123	7.7505	47.6736	96.6145	1259.2932	3.5156	13.3414	6.3915	7.767	8.0332	1.4522	114.8105	1.0809	32.77	34.1036	1.2461	0.7136	1.5659	0.6109
1.9328	1.1229	6.8317	5.2837	7.75	48.3624	94.367	1259.6739	3.5443	13.3623	6.3566	7.6843	7.9446	1.4493	114.8002	1.078	32.8745	34.0313	1.2424	0.7096	1.5518	0.6106
1.8453	1.0872	6.8323	5.2174	7.7506	48.2426	94.8971	1238.9952	3.5156	13.0063	6.0705	7.1562	7.9406	1.442	114.7148	1.0683	32.8564	34.0076	1.1972	0.7010	1.4780	0.6049
1.8187	1.0816	6.8277	5.1065	7.7503	48.2924	91.2748	1211.8643	3.4899	13.406	5.9006	6.9941	7.5025	1.422	114.7667	1.0391	32.5333	33.7876	1.1598	0.6861	1.4192	0.6126
1.7378	1.0547	6.8267	5.022	7.7497	46.6524	90.3671	1173.7405	3.4016	13.2275	5.6428	6.955	7.4871	1.3974	114.7838	1.0213	32.291	33.39	1.1029	0.6747	1.3539	0.6168
1.7268	1.0593	6.8271	4.9914	7.7497	46.5305	89.2674	1162.8368	3.3886	13.1115	5.643	6.9267	7.5096	1.3888	114.4853	1.0131	32.3189	33.2621	1.0873	0.6708	1.3697	0.6024
1.7508	1.0537	6.8275	5.106	7.7526	46.5273	89.9509	1163.3109	3.4099	12.8622	5.7708	7.1384	7.4848	1.3962	114.2836	1.0301	32.2459	33.2045	1.1085	0.6859	1.3949	0.6163
1.7817	1.0438	6.8269	5.2177	7.7624	45.8944	91.1011	1138.1947	3.375	12.8096	5.7402	7.1534	7.4631	1.3965	114.3589	1.0345	31.8658	33.0274	1.0957	0.7010	1.3768	0.6189
1.842	1.0572	6.8285	5.4414	7.767	46.2732	90.1395	1155.6553	3.4139	12.9396	5.9182	7.2683	7.668	1.4122	114.5079	1.0722	32.0621	33.1221	1.1291	0.7310	1.4341	0.6403
1.7855	1.0229	6.8262	5.4837	7.7612	45.4509	90.7161	1136.0822	3.3205	12.5673	5.9204	7.163	7.4057	1.3994	114.1039	1.0666	31.8291	32.4913	1.0961	0.7369	1.4213	0.6641
1.7568	1.0052	6.8256	5.5472	7.7627	44.444	93.4527	1115.4591	3.2044	12.2396	5.9169	7.2026	7.3444	1.3817	113.8286	1.069	31.4767	32.2686	1.0797	0.7453	1.4041	0.6522
1.8142	1.0403	6.8275	5.9253	7.7856	45.769	91.973	1164.841	3.2509	12.7262	6.2872	7.7042	7.6515	1.394	113.7025	1.1295	31.8345	32.365	1.1477	0.7960	1.4318	0.6817
1.8042	1.0376	6.8184	6.0873	7.788	46.4983	90.8059	1214.1114	3.2633	12.7102	6.4728	7.8261	7.6356	1.3976	113.5605	1.1255	32.1988	32.4459	1.1711	0.8181	1.4438	0.6771
1.7689	1.0422	6.7762	5.8179	7.7753	46.7617	87.5005	1203.8095	3.2035	12.8038	6.2633	7.4066	7.5212	1.3756	112.9571	1.053	32.0935	32.2895	1.1382	0.7806	1.3996	0.6534
1.7589	1.0404	6.7873	5.7745	7.7702	46.4605	85.3727	1179.5159	3.1516	12.766	6.1481	7.3015	7.2877	1.3551	112.3968	1.0388	31.8695	31.7173	1.1106	0.7750	1.3986	0.6385
1.718	1.033	6.7396	5.6867	7.7643	45.8729	84.3571	1159.931	3.1032	12.7977	6.0431	7.0397	7.11	1.3333	112.3029	1.0002	31.641	30.7771	1.0641	0.7632	1.3721	0.6414
1.6837	1.0179	6.6678	5.3638	7.758	44.354	81.7285	1121.94	3.0989	12.4393	5.8322	6.677	6.9087	1.3026	111.667	0.9686	30.813	29.9205	1.0185	0.7194	1.3298	0.6302
1.7131	1.0129	6.6538	5.4617	7.7546	44.9315	82.518	1129.623	3.1132	12.3376	5.9645	6.8201	6.9749	1.2987	111.5155	0.9847	30.318	29.869	1.0112	0.7324	1.2948	0.6265
1.6955	1.0081	6.6497	5.6366	7.7736	45.1	83.3376	1145.4833	3.1283	12.3902	5.9833	6.8524	6.8237	1.3063	111.0081	0.9689	29.9014	30.0857	1.0072	0.7564	1.3314	0.6412
1.6745	0.9939	6.5964	5.5749	7.7803	45.375	82.625	1118.8675	3.0595	12.128	5.8561	6.6673	6.9239	1.2863	110.82	0.9565	29.1105	30.5455	1.0038	0.7479	1.3062	0.6336
1.6664	0.9876	6.5761	5.4596	7.7895	45.3795	82.5368	1117.4368	3.0453	12.0649	5.7319	6.4342	7.1844	1.2757	110.8074	0.95	29.2779	30.6953	0.9917	0.7323	1.3123	0.6202
1.6574	0.9766	6.5645	5.3191	7.7913	44.9143	81.647	1119.2674	3.0341	11.9963	5.5913	6.3493	6.8976	1.2678	110.3022	0.9185	29.493	30.333	0.9888	0.7133	1.3472	0.6189
1.5833	0.958	6.5267	5.1577	7.7716	44.301	83.1771	1083.1762	3.0101	11.7059	5.4015	6.199	6.7209	1.2463	110.2129	0.8972	28.9824	30.0424	0.9445	0.6916	1.2668	0.6105
1.6136	0.968	6.4957	5.203	7.7742	44.9024	81.1257	1084.3619	3.0127	11.6542	5.4766	6.2526	6.8556	1.2387	109.7629	0.874	28.7262	30.221	0.9368	0.6976	1.2564	0.6123
1.5854	0.9766	6.4746	5.1782	7.785	44.8109	80.4259	1080.4523	3.0269	11.8055	5.4366	6.3273	6.7859	1.2336	109.5391	0.8401	28.8118	30.4995	0.9419	0.6943	1.2259	0.6166
1.5625	0.9553	6.4575	5.223	7.7892	44.396	79.2425	1057.425	2.9924	11.6741	5.4502	6.3957	6.7871	1.2158	109.457	0.8214	28.835	30.0475	0.9276	0.7005	1.1792	0.6189
1.5966	0.9817	6.4036	5.1973	7.7965	45.3135	76.9657	1073.887	2.9824	12.2366	5.4353	6.397	7.0871	1.2089	109.7139	0.78	28.9674	29.8735	0.9522	0.6977	1.1935	0.6114
1.7492	1.0025	6.3885	5.417	7.7943	47.6905	76.7957	1121.9095	3.0838	13.0637	5.6257	6.646	7.5769	1.2537	110.0529	0.8767	29.7395	30.4571	0.9785	0.7274	1.2317	0.6341
1.7703	1.0198	6.371	5.4225	7.7774	49.202	76.643	1150.685	3.1336	13.4379	5.6405	6.6396	7.954	1.2757	110.0875	0.8958	30.259	30.8395	0.9835	0.7282	1.2639	0.6342
1.7864	1.0248	6.3564	5.4886	7.7809	50.6785	77.5595	1133.4775	3.1521	13.6955	5.7405	6.7377	8.1493	1.2886	111.2205	0.9079	30.2215	30.9315	0.9889	0.7376	1.2963	0.6327
1.8391	1.0235	6.3482	5.6521	7.7767	52.3824	77.7967	1148.1262	3.159	13.7746	5.8912	6.8553	8.1933	1.2954	113.8067	0.9334	30.2505	31.1743	0.9879	0.7602	1.2989	0.6416
1.785	1.013	6.3172	5.7599	7.7622	51.0015	76.964	1140.3275	3.1092	13.3829	5.9424	6.8463	8.0025	1.2777	113.8195	0.9376	29.99	31.506	0.9602	0.7746	1.2477	0.6442
1.7168	0.9967	6.2997	5.6156	7.7544	49.1812	78.47	1122.69	3.022	12.7833	5.7097	6.6619	7.6388	1.2535	117.281	0.9118	29.534	30.685	0.9318	0.7554	1.1977	0.6328
1.7953	0.9938	6.3125	5.6294	7.762	50.3635	82.4659	1126.17	3.0444	12.7523	5.7074	6.7319	7.6071	1.259	125.6605	0.9131	29.5158	30.7036	0.9500	0.7571	1.2194	0.6320
1.8522	0.9928	6.3043	5.6529	7.7621	51.69	81.2524	1135.0238	3.0586	13.0559	5.7521	6.7359	7.8329	1.251	128.4248	0.9133	29.4433	30.8614	0.9662	0.7599	1.2225	0.6250
1.981	1.0097	6.3242	5.8061	7.764	54.3314	79.6668	1156.6914	3.0978	13.6199	5.9151	7.028	8.1506	1.262	129.0045	0.9383	29.4668	31.285	1.0020	0.7809	1.2907	0.6280
2.0482	1.028	6.3633	5.9266	7.759	55.9424	79.3152	1163.3886	3.1783	13.9193	6.0146	7.0746	8.3818	1.2784	131.8519	0.9576	29.9052	31.6152	1.0014	0.7974	1.2811	0.6428
2.0296	1.0142	6.3717	6.059	7.7561	55.4248	78.9348	1142.2781	3.1653	13.3638	6.069	6.9504	8.2535	1.2603	132.4848	0.9783	29.9729	31.6181	0.9709	0.8145	1.2522	0.6413
2.0279	0.9924	6.3593	6.0015	7.7562	55.4935	78.6909	1131.7457	3.1153	13.1793	5.9012	6.6758	8.2596	1.248	131.9896	0.9681	29.9426	31.397	0.9547	0.8061	1.2340	0.6361
2.0269	0.9783	6.32	5.7855	7.754	54.35	78.1353	1122.9911	3.0758	12.9235	5.7467	6.596	8.2574	1.2303	131.5105	0.9386	29.4763	30.9442	0.9610	0.7761	1.2197	0.6201
2.0297	0.9872	6.2627	5.7486	7.7515	53.0995	79.0132	1105.3823	3.0524	12.8976	5.7078	6.64	8.6424	1.2237	129.0859	0.9323	29.2418	30.6764	0.9711	0.7708	1.2200	0.6219
2.0662	0.997	6.2338	5.81	7.7505	54.7845	81.0305	1086.9525	3.0555	13.0639	5.718	6.7059	8.7994	1.2232	130.234	0.9388	29.1145	30.6945	0.9611	0.7790	1.2203	0.6263
2.0775	0.9898	6.2328	5.6864	7.7501	54.647	83.7905	1075.2225	3.0537	12.8651	5.6103	6.5936	8.6116	1.2204	128.036	0.9213	29.0445	30.6155	0.9556	0.7623	1.2031	0.6194
2.0281	0.9921	6.2215	5.6087	7.753	54.229	89.0581	1066.5205	3.0407	12.6964	5.55	6.4801	8.7978	1.2282	126.72	0.9234	29.1	30.041	0.9524	0.7517	1.1947	0.6264
1.9729	1.0098	6.2323	5.5894	7.7552	53.8079	93.0016	1087.3084	3.0964	12.7249	5.5648	6.3756	8.8766	1.2382	126.7342	0.9212	29.6321	29.8105	0.9699	0.7492	1.1926	0.6462
1.9842	1.0244	6.2154	5.7552	7.7592	54.4229	94.77	1102.871	3.1074	12.5	5.7806	6.4455	9.1927	1.2466	126.7005	0.9466	29.7448	29.4948	0.9667	0.7720	1.2071	0.6631
2.0011	1.0187	6.1861	5.7235	7.7631	54.3236	97.7582	1120.8977	3.048	12.2061	5.7935	6.4867	9.1007	1.238	125.9673	0.9366	29.8268	29.0573	0.9634	0.7678	1.1794	0.6531
2.0365	1.0196	6.1416	5.741	7.7614	54.9845	100.9186	1111.4945	3.0188	12.2993	5.8202	6.5992	9.3494	1.2486	126.2432	0.9557	29.7755	29.7618	1.0082	0.7702	1.2123	0.6537
2.1734	1.0314	6.1342	5.6513	7.7602	58.3835	97.235	1135.0085	3.1433	12.9636	5.8759	6.5848	10.0001	1.2595	127.9125	0.9331	29.9285	30.816	1.0593	0.7577	1.2652	0.6455
2.2518	1.0402	6.1343	5.6983	7.7567	59.7609	99.6727	1125.03	3.1916	12.7615	6.0246	6.6161	9.9133	1.2681	131.1345	0.9449	29.9373	31.1082	1.0923	0.7641	1.2682	0.6588
2.3408	1.0407	6.1213	5.6014	7.7553	62.8109	97.8123	1115.9418	3.2769	12.912	5.9677	6.5365	10.0708	1.2724	131.9682	0.9261	29.9414	31.5645	1.1066	0.7511	1.2633	0.6450
2.2641	1.0342	6.1198	5.5814	7.7543	63.648	99.21	1082.3115	3.2495	13.0553	5.9662	6.4896	9.9616	1.2622	132.3465	0.9231	29.6225	31.6345	1.0749	0.7483	1.2250	0.6295
2.1882	1.0363	6.1032	5.4662	7.7536	61.6059	97.77	1065.8573	3.1734	12.9916	5.9491	6.408	9.8979	1.2431	130.9955	0.9025	29.3768	31.185	1.0505	0.7328	1.1983	0.6212
2.2959	1.0486	6.0929	5.5281	7.7523	62.5179	100.0737	1061.5637	3.1961	13.0597	6.0856	6.5863	10.2009	1.2476	131.0895	0.9129	29.5179	31.6242	1.0725	0.7412	1.2108	0.6211
2.3471	1.0639	6.0738	5.4418	7.7535	61.811	103.46	1055.6348	3.2491	13.0099	6.1342	6.5328	10.3683	1.2589	130.7643	0.8933	29.7233	32.3505	1.1136	0.7295	1.2160	0.6104
2.3858	1.094	6.0509	5.4787	7.7578	62.1057	103.7614	1067.1267	3.3028	13.222	6.1622	6.4862	10.8872	1.2726	130.6857	0.9038	30.1357	32.9262	1.1289	0.7343	1.2085	0.6072
2.3792	1.1054	6.0816	5.4606	7.7585	62.1642	102.1253	1071.3063	3.3068	13.2928	6.1147	6.493	10.9506	1.2659	130.7968	0.8937	30.3063	32.6179	1.1143	0.7318	1.2053	0.6039
2.3251	1.1107	6.1729	5.3975	7.7612	60.9476	102.3395	1070.491	3.2801	13.1929	5.9955	6.4114	10.7445	1.2672	130.5857	0.8805	30.3995	32.3619	1.1002	0.7232	1.1711	0.6015
2.2325	1.0992	6.2246	5.4056	7.754	60.3464	102.4582	1042.635	3.2539	13.0669	5.979	6.5488	10.5364	1.2548	130.5936	0.8828	30.1927	32.2982	1.0735	0.7241	1.1620	0.5971
2.2195	1.0894	6.238	5.4331	7.7523	59.2843	101.7738	1024.7867	3.2291	12.933	5.9389	6.5719	10.4092	1.2514	130.3833	0.8883	30.1167	32.5257	1.0747	0.7279	1.1621	0.5938
2.236	1.083	6.2306	5.4861	7.7516	59.7367	102.0629	1018.7443	3.2175	12.9932	6.0437	6.6859	10.6766	1.2512	130.2714	0.8958	29.99	32.4905	1.0678	0.7356	1.1600	0.5914
2.2242	1.0739	6.1984	5.5097	7.7502	60.0956	101.74	1021.0341	3.1808	12.9914	6.1992	6.8189	10.6577	1.2427	130.2123	0.8978	29.9491	32.0864	1.0651	0.7389	1.1511	0.5860
2.2685	1.0926	6.1541	5.5987	7.7504	60.8738	102.9438	1024.55	3.1766	13.1436	6.1935	6.8983	10.6632	1.2484	130.1748	0.9098	29.9729	32.0048	1.0742	0.7510	1.1853	0.5988
2.3379	1.1011	6.1382	5.7757	7.7526	60.8976	107.4257	1035.8914	3.2182	13.237	6.3525	7.1302	10.9908	1.2638	130.2562	0.937	30.131	32.1971	1.1060	0.7759	1.2294	0.6139
2.4495	1.1212	6.1251	5.8723	7.7572	61.3668	108.0264	1060.3359	3.2677	13.4795	6.56	7.2456	11.0594	1.2745	130.5618	0.9528	30.3964	32.4418	1.1388	0.7888	1.2697	0.6221
2.5527	1.1325	6.1249	5.966	7.7543	61.6828	116.2994	1097.8728	3.3454	13.6148	6.809	7.4155	11.0901	1.2964	130.9278	0.9642	30.7278	32.7878	1.1569	0.8017	1.2765	0.6341
2.6419	1.1532	6.1886	6.0351	7.7541	62.7071	119.3233	1102.6224	3.4768	14.5205	7.2772	7.6289	11.4975	1.315	131.0786	0.9753	31.3519	32.8876	1.2111	0.8111	1.2877	0.6392
2.6346	1.2122	6.2181	6.4083	7.7531	62.13	118.25	1088.13	3.5847	14.6972	7.6865	8.1131	11.5527	1.3378	131.6075	0.9443	31.6385	32.728	1.2401	0.8610	1.3110	0.6604
2.817	1.2499	6.2518	6.5636	7.7551	61.9905	118.76	1101.4605	3.5972	14.917	7.5861	8.3537	11.5773	1.3549	132.7221	0.9361	31.5537	32.5595	1.2825	0.8811	1.3416	0.6524
3.1414	1.2618	6.2386	6.8954	7.7584	62.4805	120.3945	1112.9005	3.6793	15.2375	7.9952	8.5448	12.0884	1.377	132.95	0.9798	31.4382	32.6245	1.2947	0.9243	1.3405	0.6685
3.0421	1.2337	6.201	6.9011	7.7509	62.6414	119.5095	1084.6709	3.632	15.1943	7.8774	8.6321	11.9755	1.3482	132.9227	0.9595	30.9709	32.5141	1.2920	0.9240	1.3165	0.6681
3.0562	1.2176	6.2035	6.6823	7.7527	63.715	120.798	1092.6365	3.5976	15.2796	7.5503	8.335	11.972	1.3344	133.46	0.9316	30.6185	33.52	1.2673	0.8955	1.3545	0.6470
3.1117	1.2365	6.2052	6.646	7.7528	63.7809	123.7186	1112.8832	3.7371	15.4792	7.8111	8.2653	12.2913	1.3455	133.9382	0.9321	30.8982	33.7186	1.2962	0.8908	1.4316	0.6420
3.2288	1.2863	6.2085	6.785	7.7514	63.6045	123.3109	1146.5468	3.802	15.9515	8.1255	8.5325	12.4602	1.3616	133.6818	0.9547	31.1909	34.3518	1.3501	0.9093	1.5038	0.6427
3.5154	1.3147	6.3383	6.7035	7.753	65.0971	123.0038	1178.1438	4.0623	16.534	8.2524	8.5515	12.9012	1.3981	133.8519	0.9685	32.1914	35.3938	1.3708	0.8980	1.5270	0.6419
3.9032	1.3266	6.3676	6.6447	7.7501	66.1667	120.1476	1184.33	4.3076	16.8387	8.2845	8.3659	13.6388	1.4148	139.2329	0.9725	32.6695	36.0114	1.4166	0.8906	1.5775	0.6520
3.8752	1.3072	6.3505	6.6453	7.7499	65.0262	120.0481	1143.199	4.2557	16.5697	8.27	8.3314	13.4928	1.4005	140.851	0.9687	32.4367	35.679	1.3889	0.8906	1.4941	0.6518
3.7858	1.3279	6.364	6.9555	7.7506	66.1	122.6432	1153.4721	4.3131	16.6306	8.6394	8.6829	14.1449	1.4143	141.9637	1.0098	32.6084	35.7784	1.3994	0.9322	1.5258	0.6582
3.8808	1.3713	6.4491	6.853	7.7507	66.5023	121.635	1169.9464	4.2791	17.0696	8.6971	8.4938	15.0024	1.4081	143.335	0.9951	32.7905	35.9936	1.3799	0.9184	1.4819	0.6675
4.0556	1.4208	6.5726	6.8743	7.7812	67.3332	118.2258	1203.3179	4.3388	18.0648	8.8194	8.5483	16.325	1.4325	143.5505	1.0082	33.4332	36.1226	1.4263	0.9212	1.5305	0.6948
3.9644	1.3797	6.5501	6.7287	7.7829	68.2395	114.6155	1216.2285	4.178	18.4332	8.6127	8.4804	15.7622	1.4052	143.639	0.992	33.2385	35.5955	1.4017	0.9016	1.5076	0.6998
3.698	1.3226	6.5027	6.6986	7.7604	66.8909	112.9317	1181.573	4.0644	17.6303	8.4754	8.3394	15.3792	1.3724	145.1335	0.9811	32.5874	35.2117	1.3326	0.8981	1.4826	0.7018
3.5634	1.2818	6.4754	6.5591	7.7556	66.4219	109.5519	1145.7967	3.8971	17.4795	8.2082	8.111	14.5868	1.3496	145.2019	0.9634	32.32	35.0629	1.3048	0.8814	1.4510	0.6984
3.5403	1.2945	6.5259	6.5762	7.7635	66.8895	108.8481	1173.7905	4.0375	18.136	8.2269	8.2154	15.3257	1.3695	145.9081	0.9777	32.539	35.4076	1.3665	0.8840	1.4691	0.6885
3.4234	1.2894	6.5892	6.621	7.762	67.2655	105.3509	1165.2023	4.0772	18.6538	8.3064	8.3043	15.05	1.3533	145.8609	0.9695	32.3	35.2668	1.3512	0.8903	1.4203	0.7044
3.2781	1.3052	6.6771	6.7293	7.7568	67.158	104.191	1140.865	4.0151	18.6155	8.4795	8.5722	14.393	1.3513	145.401	0.983	32.101	35.041	1.3282	0.9046	1.4021	0.7614
3.2086	1.2998	6.6466	6.6396	7.756	66.9035	101.2383	1110.0183	4.0219	18.4742	8.3009	8.4693	13.7828	1.3476	145.2035	0.9711	31.5374	34.7122	1.3108	0.8923	1.3822	0.7633
3.2532	1.3108	6.6702	6.639	7.7564	66.7138	101.7843	1108.3638	4.1059	19.2436	8.1957	8.5311	14.0264	1.3591	145.4581	0.9732	31.4562	34.7133	1.3173	0.8914	1.3676	0.7610
3.1854	1.3251	6.7303	6.7553	7.757	66.7415	103.9075	1128.166	4.1738	18.8912	8.1722	8.821	13.9273	1.3847	146.76	0.9876	31.586	35.0545	1.3132	0.9079	1.3980	0.8110
3.3369	1.3434	6.8402	6.8973	7.756	67.6395	108.443	1162.708	4.3259	20.0086	8.4147	9.1266	13.9125	1.4105	147.81	0.9963	31.7495	35.3345	1.3277	0.9266	1.3980	0.8044
3.354	1.3339	6.9198	7.0524	7.7586	67.8052	115.9981	1183.07	4.4573	20.4992	8.5617	9.207	13.8377	1.4358	148.8152	1.0194	32.0005	35.7776	1.3613	0.9483	1.4207	0.8011
3.1901	1.3183	6.8907	6.9919	7.756	68.0474	114.8721	1179.1074	4.455	21.3911	8.457	8.9451	13.5446	1.4276	149.8342	1.0075	31.6458	35.4289	1.3396	0.9403	1.4021	0.8086
3.1057	1.3109	6.8694	6.981	7.7596	66.9726	112.9116	1140.4874	4.4401	20.3008	8.3215	8.9007	13.1905	1.4137	150.8721	1.001	30.8547	34.9989	1.3048	0.9390	1.3833	0.8003
3.1275	1.3387	6.894	6.9553	7.7658	65.8009	112.9165	1133.8617	4.4358	19.28	8.5063	8.9147	12.9203	1.4049	151.5048	1.0015	30.6487	34.8752	1.3120	0.9354	1.4273	0.8099
3.139	1.3437	6.8876	6.9422	7.7737	64.536	110.091	1134.1755	4.403	18.7672	8.5855	8.9616	13.4508	1.3983	151.862	1.0009	30.3585	34.4495	1.3273	0.9334	1.4349	0.7912
3.2043	1.3606	6.8843	6.7338	7.7864	64.4195	112.2436	1125.1359	4.3164	18.7666	8.5059	8.7826	13.264	1.3951	152.3909	0.9867	30.1282	34.4573	1.3446	0.9050	1.4397	0.7735
3.2954	1.3295	6.8066	6.6203	7.7984	64.4482	110.9141	1130.8464	4.276	18.1293	8.4594	8.6779	12.8924	1.3834	152.8082	0.9681	30.2595	33.9891	1.3224	0.8902	1.3826	0.7806
3.1994	1.269	6.7694	6.4501	7.8091	64.424	112.417	1131.746	4.2875	17.8081	8.1473	8.3129	13.1504	1.3707	153.5875	0.9604	30.392	33.709	1.2809	0.8673	1.3591	0.7695
3.1478	1.2608	6.667	6.2966	7.8217	63.9683	109.827	1130.27	4.282	17.7969	7.8885	8.0835	13.2149	1.3608	153.0978	0.9653	30.233	33.247	1.2634	0.8465	1.3693	0.7721
3.1325	1.2279	6.569	6.2455	7.8127	64.4775	110.776	1131.599	4.2089	17.8305	7.8382	8.0096	13.1698	1.3494	152.8125	0.9625	30.1305	33.1385	1.2541	0.8394	1.3776	0.7496
3.1923	1.2607	6.6254	6.3318	7.8053	65.0357	112.9148	1130.8838	4.228	18.8215	7.997	8.1776	13.6975	1.3595	153.4905	0.9821	30.2519	33.2186	1.2840	0.8507	1.4203	0.7575
3.2629	1.2773	6.62	6.3376	7.8052	64.8435	112.819	1099.7945	4.169	18.9306	8.1946	8.3893	14.0428	1.3556	153.5925	0.9915	30.0835	32.8905	1.3123	0.8516	1.4522	0.7566
3.295	1.2769	6.5932	6.2885	7.8128	64.2445	112.9405	1082.902	4.0775	19.1765	8.3178	8.3925	13.0918	1.3462	153.1085	0.987	29.9545	32.6165	1.3075	0.8449	1.4355	0.7460
3.2115	1.2429	6.4233	6.1056	7.819	63.6452	110.871	1065.641	3.9517	18.9118	7.9039	8.048	12.1951	1.3214	153.7452	0.9604	29.4005	31.87	1.2569	0.8199	1.3768	0.7234
3.2507	1.2588	6.3183	6.0329	7.8222	64.43	107.97	1078.4747	3.9104	18.6473	7.8394	8.0542	11.8216	1.32	154.7737	0.9355	29.2458	31.49	1.2711	0.8104	1.3689	0.7163
3.279	1.2933	6.3174	6.0403	7.8413	65.0455	106.0468	1069.9418	3.9013	18.5901	7.7702	8.2406	11.8422	1.3146	155.6386	0.948	29.1991	31.2564	1.2888	0.8108	1.3778	0.7155
3.4089	1.2732	6.2967	6.0705	7.8482	65.6729	107.6562	1068.0452	3.8855	18.3876	7.8471	8.4596	12.1067	1.316	156.1857	0.9687	29.3767	31.3086	1.3014	0.8150	1.3805	0.7103
3.6316	1.2866	6.3701	6.3001	7.8487	67.51	109.6882	1076.6595	3.9586	19.5525	8.0963	8.7555	12.5394	1.3392	157.7527	0.9969	29.8673	31.9641	1.3289	0.8458	1.4382	0.7424
3.771	1.3125	6.4651	6.3785	7.8471	67.79	110.0638	1094.3552	3.9973	20.2878	8.1104	8.801	13.3138	1.348	158.9619	0.99	30.0848	32.4867	1.3337	0.8562	1.4405	0.7522
3.8221	1.3133	6.7164	6.3768	7.8477	68.6867	111.521	1122.2029	4.0479	18.9856	8.1307	8.8239	13.367	1.363	159.3548	0.9948	30.5429	33.2681	1.3508	0.8558	1.4730	0.7598
3.9333	1.3042	6.8453	6.4574	7.8492	69.6317	110.9965	1120.427	4.0917	18.8633	8.3398	9.069	14.0916	1.3687	160.3217	0.988	30.7039	33.013	1.3652	0.8660	1.4995	0.7765
4.1087	1.3034	6.8551	6.3938	7.8364	72.2779	112.0974	1119.82	4.1388	18.9991	8.2464	8.9395	14.7504	1.371	165.2237	0.9683	30.7253	32.5784	1.3877	0.8571	1.5156	0.7653
3.7611	1.3004	6.9191	6.4939	7.8375	73.5609	112.7218	1131.615	4.157	19.1958	8.2545	9.0391	14.4869	1.379	171.3614	0.994	30.8823	32.7636	1.4063	0.8705	1.5298	0.7685
3.786	1.3205	6.9367	6.5684	7.8286	71.738	113.338	1125.345	4.1825	20.2448	8.4797	9.0676	14.0901	1.3748	176.7275	1.0011	30.806	32.9485	1.3799	0.8800	1.4756	0.7752
3.8834	1.3436	6.8837	6.5579	7.8194	70.8331	112.1994	1122.4244	4.1688	20.0972	8.6263	9.0303	14.2574	1.3704	180.0794	0.9919	30.7822	32.7078	1.3949	0.8787	1.4665	0.7896
3.7356	1.33	6.7863	6.5386	7.8411	70.71	108.9605	1120.33	4.116	19.1704	8.5476	8.995	13.8199	1.356	181.6025	0.9897	30.808	31.7775	1.3984	0.8758	1.4745	0.7751
3.7244	1.3209	6.7367	6.5754	7.8477	71.1739	110.44	1121.8333	4.0759	19.1953	8.5855	9.2481	13.8139	1.3539	178.3944	1.0014	30.7989	31.3272	1.4013	0.8811	1.4641	0.7683
3.8407	1.3371	6.7119	6.606	7.8492	69.4895	111.1443	1131.6005	4.077	19.2442	8.6072	9.2931	14.3858	1.3543	178.0952	1.0005	30.8567	31.7352	1.4120	0.8853	1.4631	0.7595
3.8974	1.3378	6.7161	6.6454	7.8445	69.4068	111.6414	1142.165	4.1125	18.9641	8.5623	9.328	14.1455	1.3561	174.6432	1.0084	30.8468	31.8477	1.4063	0.8902	1.4892	0.7675
3.9915	1.346	6.8519	6.6728	7.8478	69.7827	109.9714	1182.9527	4.1675	19.111	8.7387	9.5921	14.4222	1.3706	176.15	1.0107	31.2218	31.7964	1.4399	0.8939	1.5239	0.7779
3.8557	1.3289	6.8977	6.6123	7.826	69.388	108.0685	1173.7845	4.1603	19.2728	8.6329	9.4085	14.585	1.3621	176.4635	0.988	31.2895	31.101	1.4397	0.8853	1.5147	0.7890
3.7785	1.3105	6.8775	6.6588	7.8133	68.7391	108.2864	1177.2345	4.1225	19.0452	8.6196	9.4191	14.0356	1.3616	175.8832	0.988	31.0768	30.7995	1.4331	0.8920	1.4972	0.8025
4.022	1.3273	7.0629	6.7034	7.842	71.1891	106.1886	1210.3782	4.1865	19.6828	8.9659	9.6467	15.1564	1.3845	177.9386	0.9787	31.3886	30.7441	1.4760	0.8986	1.5542	0.8224
4.1195	1.3241	7.1137	6.7785	7.835	71.311	107.54	1194.1145	4.1819	19.547	9.0053	9.7086	14.8263	1.379	180.7975	0.9906	31.0745	30.558	1.4674	0.9082	1.5760	0.8085
4.0825	1.3189	7.0961	6.7554	7.8421	71.0086	108.1368	1183.4473	4.1872	19.3193	9.1528	9.7675	14.9056	1.3704	181.3155	0.993	30.7014	30.3441	1.4710	0.9043	1.5780	0.7901
4.1558	1.3237	7.0199	6.7617	7.8279	71.4942	108.8579	1167.2989	4.1553	19.3261	9.15	9.6381	14.7882	1.3615	180.3111	0.9929	30.4674	30.2405	1.4648	0.9049	1.5632	0.7762
4.1045	1.3169	7.0137	6.7229	7.8045	71.1567	109.101	1174.7052	4.1464	19.1024	9.024	9.4324	14.4024	1.3565	181.1976	0.9826	30.259	30.1957	1.4520	0.8998	1.5154	0.7628
4.1512	1.3089	6.9184	6.7339	7.7725	71.279	109.2667	1167.4624	4.0785	18.8066	8.9615	9.5099	14.4136	1.3517	181.3219	0.9698	30.02	30.47	1.4596	0.9011	1.5149	0.7648
4.347	1.3286	6.9967	6.8469	7.7757	71.5295	110.0295	1195.3358	4.1625	18.8423	9.2957	9.6881	15.0244	1.3897	181.5016	0.9762	30.1574	31.3226	1.5006	0.9165	1.5649	0.7720
4.8862	1.396	7.0205	6.7646	7.7651	74.5482	107.6673	1218.1945	4.2958	22.3785	10.2403	9.8437	16.6761	1.4171	184.4095	0.9593	30.1305	32.0945	1.6082	0.9053	1.6513	0.8085
5.3171	1.4048	7.0708	6.8638	7.7512	76.1682	107.7386	1223.1309	4.3493	24.1798	10.4199	10.0164	18.5651	1.4228	191.3536	0.9701	30.0732	32.6127	1.5843	0.9199	1.6625	0.8052
5.6394	1.3972	7.1016	6.8377	7.7519	75.6575	107.2	1228.134	4.3362	23.524	10.0926	9.7286	18.1839	1.4178	187.5425	0.9692	29.9205	32.0805	1.5344	0.9168	1.6428	0.8129
5.1884	1.3552	7.0816	6.6216	7.7501	75.7077	107.5782	1206.9459	4.273	22.3069	9.533	9.3105	17.1342	1.3935	185.8705	0.9513	29.6523	31.1423	1.4495	0.8882	1.5509	0.7985
5.2735	1.3497	7.0041	6.4831	7.7509	74.9286	106.6818	1198.6186	4.2614	22.3952	9.2777	9.0097	16.7391	1.3865	185.7377	0.9327	29.4068	31.4168	1.4205	0.8705	1.5168	0.7873
5.4685	1.3229	6.927	6.2938	7.7502	74.5657	106.0129	1186.8562	4.1841	22.2017	8.9422	8.7103	17.2392	1.3689	184.8529	0.9099	29.3771	31.1986	1.3883	0.8452	1.5152	0.7609
5.4	1.323	6.8106	6.3149	7.75	73.5233	105.589	1176.8619	4.1478	21.6613	9.1621	8.8554	16.7339	1.366	184.9519	0.9149	29.1971	31.3724	1.3843	0.8485	1.5004	0.7724
5.6253	1.3218	6.7254	6.3243	7.7503	73.5648	105.2095	1143.7681	4.15	21.2804	9.2956	8.8346	16.4331	1.3597	184.3767	0.9124	28.6952	31.2471	1.4043	0.8498	1.5065	0.7704
5.4482	1.3073	6.6029	6.2968	7.7526	74.2311	104.4061	1116.0978	4.1132	20.4566	9.0999	8.6569	15.55	1.3477	184.8094	0.911	28.5372	30.4672	1.3755	0.8456	1.4586	0.7577
5.1447	1.2809	6.5393	6.1154	7.7519	73.6195	103.7952	1093.7876	4.0546	19.9604	8.7071	8.3631	14.8818	1.3324	186.6329	0.8884	28.2029	30.0805	1.3277	0.8218	1.4098	0.7444
5.3673	1.2725	6.4672	6.1082	7.7533	73.1106	103.7883	1098.2367	4.0357	19.9412	8.5096	8.2867	15.1379	1.3256	190.7628	0.8865	28.0061	29.9972	1.2943	0.8212	1.3889	0.7331
5.4132	1.2696	6.4601	6.1489	7.7529	72.8053	105.3774	1111.8137	4.0446	20.3296	8.5083	8.3437	14.7791	1.3277	194.2947	0.8979	27.9411	30.0174	1.2898	0.8269	1.3803	0.7211
5.6351	1.2569	6.5109	6.2483	7.7651	72.8196	108.6991	1130.2543	4.1089	20.75	8.5127	8.5431	14.9651	1.3423	196.8809	0.9298	28.2683	30.7948	1.2970	0.8402	1.4013	0.7213
5.5686	1.2494	6.5186	6.2155	7.7691	74.5186	109.0445	1117.8555	4.12	20.0376	8.3906	8.4994	14.4053	1.3343	196.6659	0.9218	28.2382	31.3241	1.2985	0.8358	1.4031	0.7223
5.2852	1.2125	6.4321	6.122	7.7654	73.2065	109.112	1123.6565	4.1269	19.9644	8.3073	8.3511	14.0443	1.3298	196.777	0.9027	27.9165	31.2735	1.2882	0.8233	1.3841	0.7100
5.0285	1.222	6.425	6.1726	7.7617	73.5782	110.1073	1122.6073	4.1332	20.0314	8.4231	8.3966	13.9131	1.3335	197.8595	0.9078	27.78	31.4427	1.3084	0.8300	1.4073	0.7130
5.1611	1.253	6.4763	6.2911	7.7705	74.539	110.2143	1146.3948	4.2032	19.9664	8.7934	8.6256	14.5362	1.3554	198.88	0.9174	27.9971	32.6662	1.3483	0.8460	1.4325	0.7242
5.2487	1.2599	6.4768	6.3199	7.7834	74.1155	109.8527	1160.9945	4.217	20.075	8.8482	8.6787	14.7623	1.3548	199.1268	0.9147	27.8591	33.0923	1.3691	0.8498	1.4329	0.7248
5.279	1.2671	6.4563	6.3206	7.7807	73.6357	110.161	1172.819	4.167	20.0461	8.6583	8.644	14.5913	1.3479	199.2033	0.9228	27.721	33.1	1.3676	0.8500	1.4178	0.7282
5.5416	1.2434	6.4172	6.4134	7.7793	74.92	113.1215	1181.89	4.1622	20.4399	8.4554	8.6624	14.8423	1.3507	200.083	0.9227	27.9225	33.4335	1.3492	0.8621	1.4156	0.7299
5.5668	1.2567	6.3889	6.5155	7.7896	74.477	113.965	1184.06	4.1745	20.8698	8.7379	8.8036	15.5313	1.3567	201.214	0.9213	27.809	33.0915	1.3686	0.8760	1.4247	0.7428
5.6549	1.28	6.3693	6.581	7.799	75.3948	113.8329	1183.8871	4.2113	20.926	8.9811	9.0896	15.8916	1.3634	201.9533	0.921	27.7481	33.5605	1.3976	0.8849	1.4736	0.7517
5.53	1.2622	6.3556	6.5753	7.7917	74.4075	114.8255	1196.0345	4.1888	20.5074	8.8474	9.1533	15.4708	1.3504	201.842	0.9191	27.672	33.2225	1.3928	0.8836	1.4832	0.7377
5.1984	1.2711	6.3436	6.5596	7.7992	74.9695	115.2763	1199.1226	4.1865	20.4578	8.8564	9.2857	15.217	1.3464	202.0063	0.9228	27.8716	32.6484	1.3949	0.8811	1.4975	0.7386
